# * = species with synonymous name already in list
# ** = new species added to list using fishbase and WORMS
# See adviceoutline-notes.pdf for further details (currently not in FisheriesAdvice repo [17-11-15])

scientific name,common name,feeding guild,size guild,note
Agonus cataphractus,hooknose,demersal benthivore,medium demersal,
Alosa alosa,allis shad,pelagic planktivore,small pelagic,
Ammodytes spp,sandeels,pelagic planktivore,small pelagic,*
Ammodytes tobianus,sandeel,pelagic planktivore,small pelagic,
Anarhichas minor,spotted catfish,demersal benthivore,large demersal,
Anarhichas spp,wolffishes,demersal benthivore,large demersal,*
Anguilla anguilla,european eel,demersal benthivore,medium demersal**
Argentina silus,greater argentine,pelagic planktivore,medium bathydemersal,
Argentina sphyraena,argentine,pelagic planktivore,medium bathypelagic,
Argyrosomus regius,meagre,demersal piscivore,large benthopelagic,**
Arnoglossus laterna,scaldfish,demersal benthivore,small demersal,
Aspitrigla cuculus,red gurnard,demersal benthivore,medium demersal,**
Balistes capriscus,grey triggerfish,demersal benthivore,medium demersal,**
Balistes carolinensis,grey triggerfish,demersal benthivore,medium demersal,**
Belone belone,garfish,pelagic piscivore,medium pelagic,**
Brosme brosme,torsk,demersal piscivore,large demersal,
Buccinum undatum,whelk,bivalve,bivalve,**
Buglossidium luteum,solenette,demersal benthivore,small demersal,
Callionymidae,dragonet,demersal benthivore,small demersal,
Cancer pagurus,edible crab,crustacean,crustacean,**
Chelidonichthys cuculus,red gurnard,demersal benthivore,medium demersal,**
Chelidonichthys lucerna,tub gurnard,demersal benthivore,medium demersal,**
Chelon labrosus,thicklip grey mullet,demersal benthivore,medium demersal,**
Chimaera monstrosa,rat fish,demersal piscivore,large bathydemersal,
Ciliata septentrionalis,northern rockling,demersal piscivore,medium demersal,
Clupea harengus,herring,pelagic planktivore,medium pelagic,
Conger conger,european conger,demersal benthivore,large demersal,**
Crangon crangon,common shrimp,crustacean,shrimp,**
Cyclopterus lumpus,lumpsucker,demersal benthivore,medium demersal,
Dicentrarchus labrax,european seabass,demersal piscivore,large demersal,**
Dicologlossa cuneata,wedge sole,demersal benthivore,small-medium flatfish,**
Diplodus sargus,white seabream,demersal benthivore,medium demersal,**
Diplodus vulgaris,common two-banded seabream,benthopelagic benthivore,medium benthopelagic
Echiichthys vipera,lesser weever,demersal benthivore,small demersal,
Enchelyopus cimbrius,four-bearded rockling,demersal piscivore,medium demersal,
Engraulis encrasicolus,european anchovy,pelagic planktivore,small pelagic,**
Esox lucius,northern pike,demersal piscivore,large demersal,**
Etmopterus spinax,velvet belly,demersal piscivore,medium bathydemersal,
Eutrigla gurnardus,grey gurnard,demersal piscivore,medium demersal,
Gadiculus argenteus,silvery pout,pelagic planktivore,small pelagic,
Gadus morhua,cod,demersal piscivore,large benthopelagic,
Gaidropsarus vulgaris,three-bearded rockling,demersal piscivore,medium demersal,
Galeorhinus galeus,tope,demersal piscivore,large benthopelagic,
Galeus melastomus,black-mouthed dogfish,demersal piscivore,medium demersal,
Glyptocephalus cynoglossus,witch,demersal benthivore,medium demersal,
Gobiidae,gobies,demersal benthivore,small demersal,
Helicolenus dactylopterus,blackbelly rosefish,bathydemersal piscibenthivore,medium demersal,**
Hippoglossides platessoides,long rough dab,demersal benthivore,medium demersal,
Hippoglossoides platessoides,long rough dab,demersal benthivore,medium demersal,*
Hippoglossus hippoglossus,halibut,demersal benthivore,large demersal,
Homarus gammarus,european lobster,crustacean,crustacean,**
Isurus oxyrinchus,shortfin mako,pelagic piscivore,large sharks,**
Labrus bergylta,ballan wrasse,demersal benthivore,medium reef fish,**
Lamna nasus,porbeagle,pelagic piscivore,large pelagic,**
Lepidorhombus spp,megrims,demersal piscivore,medium bathydemersal,*
Lepidorhombus whiffiagonis,megrim,demersal piscivore,medium demersal,
Limanda limanda,dab,demersal benthivore,medium demersal,
Liparis liparis,sea-snail,demersal benthivore,small demersal,
Loliginidae,pencil squid,cephalopods,cephalopods
Loliginidae,pencil squid,cephalopods,cephalopods,,,
Loligo spp,loligo squids,cephalopods,cephalopods,**
Lophiidae,anglerfishes,demersal piscivore,large demersal,**
Lophius piscatorius,angler,demersal piscivore,large bathydemersal,
Lophius spp,monkfishes,demersal piscivore,large demersal,**
Lumpenus lampretaeformis,snake blenny,demersal benthivore,medium demersal,
Lycodes spp,eelpouts,demersal benthivore,medium demersal,**
Maja squinado,spinous spider crab,crustacean,crustacean,**
Melanogrammus aeglefinus,haddock,demersal piscivore,large demersal,
Merlangius merlangus,whiting,demersal piscivore,medium benthopelagic,
Merluccius merluccius,hake,demersal piscivore,medium demersal,
Micromesistius poutassou,blue whiting,pelagic planktivore,medium bathypelagic,
Microstomus kitt,lemon sole,demersal benthivore,medium demersal,
Molva dypterygia,blue ling,demersal piscivore,medium demersal,
Molva molva,ling,demersal piscivore,large dermersal,
Mugilidae,mullets,benthopelagic benthivore,large benthopelagics,**
Mullus surmuletus,surmullet,demersal benthivore,medium demersal,**
Mustelus mustelus,smooth hound,demersal piscivore,large demersal,
Mustelus spp,smooth-hounds,demersal benthivore,large sharks,**
Myoxocephalus scorpius,bull-rout,demersal benthivore,medium demersal,
Necora puber,velvet crab,crustacean,crustacean,**
Nephrops norvegicus,norwegian lobster,crustacean,crustacean,**
Octopodidae,octopusses,cephalopods,cephalopods,**
Octopus vulgaris,common octopus,cephalopods,cephalopods,**
Ommastrephidae,flying squid,cephalopods,cephalopods
Osteichthyes,bony fish,,,**
Other,,,
Pagellus acarne,axillary seabream,benthopelagic benthivore,small benthopelagic,**
Pagellus bogaraveo,blackspot seabream,benthopelagic benthivore,medium benthopelagic,**
Pagellus erythrinus,common pandora,benthopelagic benthivore,medium benthopelagic,**
Pagrus pagrus,red porgy,benthopelagic benthivore,large benthopelagic,**
Pandalus borealis,northern prawn,crustacean,shrimp,**
Pecten maximus,great atlantic scallop,bivalve,bivalve
Perca fluviatilis,european perch,pelagic piscivore,medium demersal,**
Perciformes,perch-like fish,,,**
Pholis gunnellus,butterfish,demersal benthivore,small demersal,
Phycis blennoides,greater forkbeard,benthopelagic benthivore,large benthopelagic,**
Phycis phycis,forkbeard,benthopelagic benthivore,medium benthopelagic,**
Platichthys flesus,flounder,demersal benthivore,medium demersal,
Pleuronectes platessa,plaice,demersal benthivore,large demersal,
Pleuronectiformes,flatfishes,flatfish,flatfish,**
Pollachius pollachius,pollock,demersal piscivore,large benthopelagic,
Pollachius virens,saithe,demersal piscivore,large demersal,
Polyprion americanus,wreckfish,demersal benthivore,large demersal,**
Prionace glauca,blue shark,pelagic piscivore,large sharks,**
Psetta maxima,turbot,demersal piscivore,large demersal,*
Raja batis,skate,demersal benthivore,large demersal,
Raja brachyura,blonde ray,demersal benthivore,large demersal,
Raja circularis,sandy ray,demersal benthivore,large demersal,
Raja clavata,roker,demersal benthivore,large demersal,
Raja fullonica,shagreen ray,demersal benthivore,large bathydemersal,
Raja microocellata,small-eyed ray,demersal benthivore,medium rays,**
Raja montagui,spotted ray,demersal benthivore,medium demersal,
Raja naevus,cuckoo ray,demersal benthivore,medium demersal,
Raja radiata,starry ray,demersal piscivore,large demersal,
Raja spp,skates,demersal benthivore,large demersal,*
Rajidae,rays and skates,demersal benthivore,demersal,**
Rajiformes,rays and skates,,,**
Reinhardtius hippoglossoides,greenland halibut,pelagic piscivore,large benthopelagic,**
Salmo salar,salmon,pelagic piscivore,large benthopelagic,**
Salmo trutta,sea-trout,demersal piscivore,large pelagic,
Sander lucioperca,pike-perch,pelagic piscivore,large pelagic,**
Sarda sarda,atlantic bonito,pelagic piscivore,large pelagic,**
Sardina pilchardus,european pilchard,pelagic planktivore,small pelagics,**
Scomber japonicus,chub mackerel,pelagic planktivore,medium pelagics,**
Scomber scomber,mackerel,pelagic piscivore,medium pelagic,
Scomber scombrus,mackerel,pelagic piscivore,medium pelagic,*
Scophthalmus maximus,turbot,demersal piscivore,large demersal,
Scophthalmus rhombus,brill,demersal piscivore,medium demersal,
Scorpaena spp,scorpionfishes,,,*
Scyliorhinus canicula,lesser spotted dogfish,demersal benthivore,large sharks,**
Scyliorhinus caniculus,dogfish,demersal piscivore,large demersal,
Scyliorhinus spp,catsharks/nursehounds,,,**
Scyliorhinus stellaris,nursehound,demersal benthivore,large sharks,**
Sebastes marinus,red-fish,demersal piscivore,medium demersal,
Sebastes spp,red-fish,demersal piscivore,medium pelagic,*
Sebastes viviparus,norway haddock,demersal piscivore,medium demersal,
Sepia officinalis,common cuttlefish,cephalopods,cephalopods,**
Sepiidae,cuttlefish,cephalopods,cephalopods
Solea lascaris,sand sole,demersal benthivore,small-medium flatfishes
Solea solea,sole,demersal benthivore,medium demersal,
Sparus aurata,gilthead seabream,demersal benthivore,medium demersal,**
Spondyliosoma cantharus,black seabream,benthopelagic benthivore,medium benthopelagic,**
Sprattus sprattus,sprat,pelagic planktivore,small pelagic,
Squalus acanthias,spurdog,demersal piscivore,large benthopelagic,
Taurulus bubalis,sea-scorpion,demersal benthivore,medium demersal,
Thunnus alalunga,albacore,pelagic piscivore,large pelagics,**
Trachinus draco,greater weever,demersal benthivore,medium demersal,
Trachurus picturatus,blue jack mackerel,benthopelagic benthivore,medium benthopelagic,**
Trachurus spp,jack and horse mackerel,pelagic piscivore,small pelagic,*
Trachurus trachurus,horse mackerel,pelagic piscivore,small pelagic,
Trigla lucerna,tub gurnard,demersal piscivore,medium demersal,
Triglidae,searobins,,,**
Trigloporus lastoviza,streaked gurnard,demersal benthivore,medium demersal,
Trisopterus esmarki,norway pout,pelagic planktivore,medium benthopelagic,
Trisopterus luscus,bib demersal,piscivore,medium benthopelagic,
Trisopterus minutus,poor cod,demersal piscivore,medium benthopelagic,
Xiphias gladius,swordfish,pelagic piscivore,large pelagic,**
Zeus faber,john dory,benthopelagic piscivore,large benthopelagic,**
Zoarces viviparus,viviparous blenny,demersal benthivore,medium demersal,
